{
  "metadata": {
    "name": "Rule-Breaking Masterpieces Database",
    "version": "1.2",
    "created": "2025-11-27",
    "updated": "2025-11-27",
    "purpose": "Reference for intentional musical rule-breaking with emotional justification",
    "sources_added": "Gemini 2.5 Pro research: Hooktheory, Open Music Theory, Ultimate Guitar, musicnotes, tapeop"
  },

  "master_principle": {
    "beethoven_quote": "Well, who has forbidden them? Well, I allow them!",
    "philosophy": "Rules exist for a reason, but the ultimate authority is your ear and your artistic intention",
    "key_insight": "Every rule-break needs emotional justification"
  },

  "rule_breaks": [
    {
      "id": "parallel_fifths_beethoven",
      "category": "harmonic",
      "rule_broken": "Parallel perfect fifths forbidden",
      "artist": "Beethoven",
      "piece": "Symphony No. 6 'Pastoral' - Storm movement",
      "year": 1808,
      "notation_detail": "Violins and violas moving in parallel P5 motion",
      "emotional_effect": "Rustic, folk-like quality; evokes peasant dances",
      "why_it_works": "Creates unified, raw sound that matches pastoral theme",
      "use_when": ["Folk aesthetic", "Rustic texture", "Unified power"]
    },
    {
      "id": "parallel_fifths_debussy",
      "category": "harmonic",
      "rule_broken": "Parallel perfect fifths forbidden",
      "artist": "Debussy",
      "piece": "La Cathédrale engloutie",
      "year": 1910,
      "notation_detail": "Planing - moving entire triads in parallel (C-E-G → D-F#-A → E-G#-B)",
      "emotional_effect": "Archaic, medieval atmosphere; impressionistic wash",
      "why_it_works": "Evokes pre-tonal organum; color over voice independence",
      "use_when": ["Medieval evocation", "Impressionistic texture", "Atmospheric wash"]
    },
    {
      "id": "power_chords",
      "category": "harmonic",
      "rule_broken": "Parallel perfect fifths forbidden",
      "artist": "All rock/metal",
      "piece": "Every power chord progression",
      "year": "1960s-present",
      "notation_detail": "Root + P5 moving in parallel (E5→A5→D5)",
      "emotional_effect": "Massive, unified, powerful",
      "why_it_works": "Distortion creates harmonics; 3rds create mud while P5s stay clear",
      "use_when": ["Power", "Aggression", "Unity", "Rock/metal context"]
    },
    {
      "id": "polytonality_rite",
      "category": "harmonic",
      "rule_broken": "Single tonal center required",
      "artist": "Stravinsky",
      "piece": "The Rite of Spring - Augurs of Spring chord",
      "year": 1913,
      "notation_detail": "E♭7 (E♭-G-B♭-D♭) + E major (E-G#-B) simultaneously",
      "emotional_effect": "Primal chaos, permanent tension",
      "why_it_works": "Neither key wins - represents pre-tonal ritual energy",
      "use_when": ["Chaos", "Primal energy", "Unresolvable conflict"]
    },
    {
      "id": "petrushka_chord",
      "category": "harmonic",
      "rule_broken": "Single tonal center required",
      "artist": "Stravinsky",
      "piece": "Petrushka",
      "year": 1911,
      "notation_detail": "C major + F# major simultaneously (tritone root relationship)",
      "emotional_effect": "Dual nature, puppet/human duality",
      "why_it_works": "Maximum tonal distance; no common tones; represents split identity",
      "use_when": ["Duality", "Split identity", "Irreconcilable opposites"]
    },
    {
      "id": "monk_wrong_notes",
      "category": "harmonic",
      "rule_broken": "Dissonances must resolve",
      "artist": "Thelonious Monk",
      "piece": "'Round Midnight and throughout catalog",
      "year": "1940s-1960s",
      "notation_detail": "Semitone below 'correct' note (B♭ against B♮); major 2nd dyads that never resolve",
      "emotional_effect": "Commentary on harmonic expectations; meaningful wrongness",
      "why_it_works": "Wrong notes make sense BECAUSE they sound wrong in a meaningful way",
      "use_when": ["Subverting expectations", "Irony", "Jazz context", "Intentional wrongness"]
    },
    {
      "id": "coltrane_changes",
      "category": "harmonic",
      "rule_broken": "Traditional ii-V-I resolution",
      "artist": "John Coltrane",
      "piece": "Giant Steps",
      "year": 1959,
      "notation_detail": "26 chord changes in 16 bars; roots move by major 3rds (B→G→E♭); keys cycle every 2 beats",
      "emotional_effect": "Sheets of sound, harmonic density",
      "why_it_works": "Each V7 resolves but I immediately becomes passing tone to next key",
      "use_when": ["Harmonic complexity", "Rapid movement", "Jazz virtuosity"]
    },
    {
      "id": "beatles_flat_seven",
      "category": "harmonic",
      "rule_broken": "Stay within diatonic chords",
      "artist": "The Beatles",
      "piece": "Norwegian Wood (and throughout catalog)",
      "year": "1960s",
      "notation_detail": "♭VII in major keys (E-D-E = I-♭VII-I)",
      "emotional_effect": "Folk-rock color, modal ambiguity",
      "why_it_works": "♭VII functions as dominant substitute; borrowed from Mixolydian",
      "use_when": ["Folk-rock", "Modal color", "Avoiding obvious V-I"]
    },
    {
      "id": "radiohead_modal_mixture",
      "category": "harmonic",
      "rule_broken": "Major and minor shouldn't mix freely",
      "artist": "Radiohead",
      "piece": "Creep",
      "year": 1992,
      "notation_detail": "G-B-C-Cm (I-III-IV-iv); B major from Lydian, Cm from parallel minor",
      "emotional_effect": "Happy-to-sad emotional ambiguity",
      "why_it_works": "Conflates major and minor; proportion varies creating floating state",
      "use_when": ["Emotional ambiguity", "Bittersweet", "Alt-rock", "Conflicted feelings"]
    },
    {
      "id": "oasis_wonderwall",
      "category": "harmonic",
      "rule_broken": "Stay within diatonic chords",
      "artist": "Oasis",
      "piece": "Wonderwall",
      "year": 1995,
      "notation_detail": "I-♭VII-IV-I in G major (G-F-C-G); F major borrowed from G Mixolydian",
      "emotional_effect": "Anthemic yearning, almost home but not quite",
      "why_it_works": "♭VII creates plagal-adjacent motion without full resolution; yearning quality",
      "use_when": ["Anthemic yearning", "Nostalgia", "Britpop", "Hopeful but unresolved"],
      "source": "Hooktheory Theorytab, Open Music Theory"
    },
    {
      "id": "rihanna_diamonds",
      "category": "harmonic",
      "rule_broken": "Stay within diatonic chords",
      "artist": "Rihanna",
      "piece": "Diamonds",
      "year": 2012,
      "notation_detail": "I-♭VII-IV progression; ♭VII borrowed from Mixolydian",
      "emotional_effect": "Floating, dreamy, ethereal",
      "why_it_works": "♭VII avoids dominant tension; creates suspended, floating quality",
      "use_when": ["Dreamy pop", "Floating feeling", "Ethereal mood"],
      "source": "Hooktheory Theorytab"
    },
    {
      "id": "taylor_swift_all_too_well",
      "category": "harmonic",
      "rule_broken": "Stay within diatonic chords",
      "artist": "Taylor Swift",
      "piece": "All Too Well (10 Minute Version)",
      "year": 2021,
      "notation_detail": "I-V-vi-IV with ♭VI (A♭ in C major) at emotional peaks",
      "emotional_effect": "Gut-punch sadness, sudden emotional drop",
      "why_it_works": "♭VI borrowed from Aeolian creates unexpected darkness; hits harder because of major context",
      "use_when": ["Emotional gut-punch", "Grief reveal", "Sudden sadness", "Confessional songwriting"],
      "source": "Ultimate Guitar, Daily Evergreen analysis"
    },
    {
      "id": "rem_losing_my_religion",
      "category": "harmonic",
      "rule_broken": "Stay within diatonic chords",
      "artist": "R.E.M.",
      "piece": "Losing My Religion",
      "year": 1991,
      "notation_detail": "Am-Em-Dm-G with F major (♭VI in Am); F borrowed from A natural minor",
      "emotional_effect": "Desperate, searching, vulnerable",
      "why_it_works": "♭VI provides brief major-quality respite in minor key; creates push-pull of hope/despair",
      "use_when": ["Desperation", "Searching", "Vulnerable confession", "Minor key with hope"],
      "source": "Ultimate Guitar"
    },
    {
      "id": "imagine_dragons_radioactive",
      "category": "harmonic",
      "rule_broken": "Stay within diatonic chords",
      "artist": "Imagine Dragons",
      "piece": "Radioactive",
      "year": 2012,
      "notation_detail": "i-♭VI-♭III-♭VII in B minor; multiple borrowed chords from Aeolian/Dorian",
      "emotional_effect": "Epic, dark power, apocalyptic",
      "why_it_works": "Stacking borrowed chords creates modal ambiguity; neither major nor minor dominates",
      "use_when": ["Epic darkness", "Power anthem", "Apocalyptic mood", "Arena rock"],
      "source": "Ultimate Guitar"
    },
    {
      "id": "elliott_smith_between_bars",
      "category": "harmonic",
      "rule_broken": "Simple triads sufficient for emotional impact",
      "artist": "Elliott Smith",
      "piece": "Between the Bars",
      "year": 1997,
      "notation_detail": "Chromatic descending bass: F-G-Am-C-Fm/Ab-Em/G-D9/F#. Uses Am7, Fadd9 instead of triads. F→Fm shift at emotional peak. Guitar tuned down whole step.",
      "emotional_effect": "Hypnotic melancholy, whispered intimacy, sophisticated sadness",
      "why_it_works": "Added tones (7ths, add9) create richer color. Descending bass creates gravity. Major-to-minor shift = resignation/dark acceptance.",
      "use_when": ["Intimate confession", "Lo-fi bedroom", "Whispered delivery", "Melancholy without melodrama"],
      "source": "Gemini research: musicnotes.com, reddit, ultimate-guitar"
    },
    {
      "id": "elliott_smith_say_yes",
      "category": "harmonic",
      "rule_broken": "Stay within diatonic chords",
      "artist": "Elliott Smith",
      "piece": "Say Yes",
      "year": 1997,
      "notation_detail": "G-G/F#-Em7-D-C with descending bass. Unexpected E♭maj7 and Cm borrowed chords. Common tone G held across all changes.",
      "emotional_effect": "Bittersweet, simultaneously sad and uplifting",
      "why_it_works": "Common tone ties unrelated chords together. Descending bass = gentle falling. Minor plagal cadence (Cm→G) adds hopeful melancholy.",
      "use_when": ["Bittersweet nostalgia", "Complex emotional states", "Acoustic intimacy"],
      "source": "Gemini research: musicnotes.com, reddit"
    },
    {
      "id": "elliott_smith_vocal_double",
      "category": "production",
      "rule_broken": "Single vocal take is standard",
      "artist": "Elliott Smith",
      "piece": "Throughout catalog",
      "year": "1994-2003",
      "notation_detail": "Two nearly identical vocal takes panned L/R. Not harmony - texture. Close-miked whisper delivery.",
      "emotional_effect": "Intimate presence, feeling of isolation, empathy for singer",
      "why_it_works": "Tiny differences between takes create organic depth without artificial reverb. Feels like being in the room.",
      "use_when": ["Confessional songwriting", "Lo-fi bedroom", "Vulnerable vocals", "Intimate atmosphere"],
      "source": "Gemini research: tapeop.com, reddit"
    },
    {
      "id": "stravinsky_meters",
      "category": "rhythmic",
      "rule_broken": "Consistent meter required",
      "artist": "Stravinsky",
      "piece": "The Rite of Spring - Sacrificial Dance",
      "year": 1913,
      "notation_detail": "Alternating 2/16, 3/16, 5/16, 2/8, 3/8, 5/8, 7/8; additive rhythms",
      "emotional_effect": "Unpredictable, primal, ritual chaos",
      "why_it_works": "Impossible to predict accent; evokes pre-civilized ritual",
      "use_when": ["Chaos", "Primal energy", "Ritual", "Unpredictability"]
    },
    {
      "id": "radiohead_pyramid_song",
      "category": "rhythmic",
      "rule_broken": "Clear meter required",
      "artist": "Radiohead",
      "piece": "Pyramid Song",
      "year": 2001,
      "notation_detail": "Ambiguous meter (12/8? 4/4? 3/4+5/4?); piano chords with no discernible pulse",
      "emotional_effect": "Unsettled, floating, dreamlike",
      "why_it_works": "Ambiguity is the point; meter only partially clarifies when drums enter",
      "use_when": ["Dream states", "Floating", "Disorientation", "Underwater feeling"]
    },
    {
      "id": "coltrane_sheets",
      "category": "rhythmic",
      "rule_broken": "Notes should fit standard subdivisions",
      "artist": "John Coltrane",
      "piece": "Throughout late catalog",
      "year": "Late 1950s-1960s",
      "notation_detail": "Notes grouped in 5s and 7s because they don't fit 8ths, 16ths, or triplets",
      "emotional_effect": "Dense cascades, wall of sound",
      "why_it_works": "Vertical improvisation tracing chord structures at blistering speed",
      "use_when": ["Intensity", "Virtuosity", "Harmonic density"]
    },
    {
      "id": "chopin_hidden_parallels",
      "category": "voice_leading",
      "rule_broken": "No parallel/hidden fifths and octaves",
      "artist": "Chopin",
      "piece": "Throughout piano works (e.g., Etude Op. 25 No. 1)",
      "year": "1830s-1840s",
      "notation_detail": "Arpeggiated textures reveal parallel motion when notes gathered",
      "emotional_effect": "Harmonic color over polyphonic clarity",
      "why_it_works": "Piano sustain pedal and figuration mask voice-leading; different context than vocal music",
      "use_when": ["Piano textures", "Romantic style", "Color over counterpoint"]
    },
    {
      "id": "chopin_ambiguous_resolution",
      "category": "structural",
      "rule_broken": "Pieces should resolve to tonic",
      "artist": "Chopin",
      "piece": "Prelude in E Minor, Op. 28 No. 4",
      "year": 1839,
      "notation_detail": "m.23: Chord spelled as dominant 4/2 with B♭ bass; B♭ 'resolves' upward to B♮ across fermata silence",
      "emotional_effect": "Negative action - gesture defined by NOT resolving",
      "why_it_works": "Silence embodies the non-resolution; enharmonic ambiguity",
      "use_when": ["Unfinished feeling", "Haunting", "What's NOT said"]
    },
    {
      "id": "radiohead_double_tonic",
      "category": "structural",
      "rule_broken": "Establish clear tonal center",
      "artist": "Radiohead",
      "piece": "Throughout catalog",
      "year": "1990s-2000s",
      "notation_detail": "Am-F-C-G creates ambiguity between A minor and C major; neither asserts dominance",
      "emotional_effect": "Floating, unresolved emotional state",
      "why_it_works": "Proportion of each mode varies; permanent ambiguity",
      "use_when": ["Emotional ambiguity", "Neither happy nor sad", "Floating"]
    },
    {
      "id": "black_sabbath_tritone",
      "category": "harmonic",
      "rule_broken": "Tritone (diabolus in musica) must resolve",
      "artist": "Black Sabbath / Tony Iommi",
      "piece": "Black Sabbath",
      "year": 1970,
      "notation_detail": "Riff built on G-G(octave)-D♭ (augmented 4th above G)",
      "emotional_effect": "Dread, evil, heaviness",
      "why_it_works": "Tension that begged resolution becomes genre identity; embraces 'devil's interval'",
      "use_when": ["Dread", "Horror", "Metal", "Unresolved darkness"]
    },
    {
      "id": "tritone_substitution",
      "category": "harmonic",
      "rule_broken": "V7 should resolve to I",
      "artist": "Jazz tradition (also Schubert)",
      "piece": "Standard jazz practice; Schubert String Quintet in C",
      "year": "Various",
      "notation_detail": "Replace G7 with D♭7 (tritone away) before C; both share same tritone (B-F)",
      "emotional_effect": "Chromatic sophistication, smooth voice leading",
      "why_it_works": "Shared tritone maintains harmonic function; bass moves chromatically",
      "use_when": ["Jazz harmony", "Chromatic bass", "Sophistication"]
    }
  ],

  "categories_summary": {
    "harmonic": {
      "rules": ["No parallel fifths/octaves", "Single tonal center", "Resolve dissonances", "Stay diatonic"],
      "common_breaks": ["Parallel motion", "Polytonality", "Unresolved tension", "Modal mixture"],
      "emotional_uses": ["Power", "Chaos", "Ambiguity", "Wrongness"]
    },
    "rhythmic": {
      "rules": ["Consistent meter", "Standard subdivisions", "Clear pulse"],
      "common_breaks": ["Irregular meter", "Odd groupings", "Ambiguous pulse"],
      "emotional_uses": ["Chaos", "Floating", "Unpredictability"]
    },
    "voice_leading": {
      "rules": ["No hidden fifths", "Don't double leading tone"],
      "common_breaks": ["Parallel motion in textures", "Octave doubling"],
      "emotional_uses": ["Color over clarity", "Reinforcement"]
    },
    "structural": {
      "rules": ["Resolve to tonic", "Clear form", "Closure"],
      "common_breaks": ["Non-resolution", "Tonal ambiguity", "Open endings"],
      "emotional_uses": ["Haunting", "Unfinished", "Questioning"]
    }
  },

  "why_rule_breaking_works": [
    {
      "pattern": "Context Shift",
      "explanation": "Rules for polyphonic vocal music don't apply to distorted guitars or piano with sustain pedal"
    },
    {
      "pattern": "Intentional Signification",
      "explanation": "Wrong notes work because they're meaningfully wrong (Monk)"
    },
    {
      "pattern": "Historical Reclamation",
      "explanation": "Parallel fifths evoke medieval music; polytonality evokes pre-tonal chaos"
    },
    {
      "pattern": "Emotional Authenticity",
      "explanation": "Ambiguity and non-resolution better express complex emotional states than clean resolution"
    },
    {
      "pattern": "Timbral Consideration",
      "explanation": "Distortion, sustain, and electronics change which intervals work"
    }
  ],

  "application_to_kelly_song": {
    "base_progression": ["F", "C", "Am", "Dm"],
    "key": "F major",
    "bpm": 82,
    "recommended_techniques": [
      {
        "technique": "Modal mixture (Radiohead style)",
        "application": "F major surface with Am undertow; borrowed iv chord",
        "emotional_justification": "Creates misdirection - sounds like love until grief reveal"
      },
      {
        "technique": "Non-resolution (Chopin style)",
        "application": "Avoid perfect cadences; use inversions",
        "emotional_justification": "Nothing ever fully resolves after loss"
      },
      {
        "technique": "Ambiguous meter (Radiohead Pyramid Song)",
        "application": "Slight rhythmic ambiguity in fingerpicking",
        "emotional_justification": "Disorientation of grief/trauma"
      }
    ],
    "specific_chord_options": [
      {
        "option": "Add ♭VII before resolve",
        "progression": ["F", "C", "E♭", "Dm"],
        "borrowed_from": "F Mixolydian",
        "effect": "Delays resolution, anthemic yearning (Wonderwall style)",
        "use_at": "Pre-chorus or bridge"
      },
      {
        "option": "Add ♭VI for gut-punch",
        "progression": ["F", "C", "D♭", "Dm"],
        "borrowed_from": "F Aeolian",
        "effect": "Sudden darkness, the reveal moment (All Too Well style)",
        "use_at": "The reveal line - 'when I found you sleeping'"
      },
      {
        "option": "Swap to iv (minor four)",
        "progression": ["F", "Fm", "C", "Dm"],
        "borrowed_from": "F minor (parallel)",
        "effect": "Immediate sad color shift",
        "use_at": "Second verse or emotional turns"
      },
      {
        "option": "♭VI in outro",
        "progression": ["F", "D♭", "F", "D♭"],
        "borrowed_from": "F Aeolian",
        "effect": "Unresolved, haunting end - never fully closes",
        "use_at": "Final section, fade out"
      },
      {
        "option": "Elliott Smith descending bass",
        "progression": ["F", "F/E", "Dm7", "Dm/C"],
        "technique": "Bass walks down while chords stay related",
        "effect": "Gentle falling, emotional gravity, sophisticated sadness",
        "use_at": "Verses for intimate texture"
      },
      {
        "option": "Elliott Smith major-to-minor",
        "progression": ["F", "Fm", "C"],
        "technique": "Same root, major becomes minor",
        "effect": "Gut-punch resignation, dark acceptance",
        "use_at": "Reveal moment - maximum impact"
      },
      {
        "option": "Upgraded voicings (Elliott style)",
        "progression": ["Fmaj7", "C/E", "Am7", "Dm7"],
        "technique": "Add 7ths, use inversions for voice leading",
        "effect": "Sophisticated sadness without melodrama",
        "use_at": "Throughout - replaces basic triads"
      }
    ],
    "production_techniques": [
      {
        "technique": "Whispered double-track vocals",
        "how": "Record soft vocal, record again nearly identical, pan 30% L/R",
        "effect": "Intimate presence without reverb",
        "source": "Elliott Smith"
      },
      {
        "technique": "Close miking",
        "how": "Mic 3-6 inches from source, capture breath and finger noise",
        "effect": "In-the-room intimacy",
        "source": "Elliott Smith"
      },
      {
        "technique": "Tune down whole step",
        "how": "Guitar to D-G-C-F-A-D",
        "effect": "Warmer, fuller acoustic tone",
        "source": "Elliott Smith"
      },
      {
        "technique": "Keep imperfections",
        "how": "Don't edit out breath, finger noise, slight timing variations",
        "effect": "Authentic vulnerability - imperfection is intentional",
        "source": "Lo-fi bedroom aesthetic"
      }
    ],
    "techniques_to_avoid": [
      {
        "technique": "Black Sabbath tritone",
        "reason": "Too on-the-nose dark; misdirection requires surface beauty"
      },
      {
        "technique": "Stravinsky polytonality",
        "reason": "Too chaotic; Kelly song needs controlled surface"
      },
      {
        "technique": "Imagine Dragons stacked borrowing",
        "reason": "Too epic/anthemic; Kelly song is intimate bedroom emo"
      }
    ]
  }
}
