{
  "title": "3am Regret",
  "key": "D",
  "mode": "minor",
  "bpm": 68,
  "time_sig": "4/4",
  "bars": 32,
  "style": "sparse",
  
  "groove": {
    "pocket": "behind",
    "humanize": 0.25,
    "swing": 0.0
  },
  
  "chords": [
    {"root": 0, "quality": "minor"},
    {"root": 5, "quality": "minor"},
    {"root": 3, "quality": "major"},
    {"root": 7, "quality": "major"}
  ],
  
  "rule_break": {
    "code": "STRUCTURE_NonResolution",
    "reason": "Grief never fully resolves - end on iv chord"
  },
  
  "samples": {
    "kick": "Drum Tornado 2023/Acoustic/kick_soft.wav",
    "snare": "Drum Tornado 2023/Acoustic/snare_brush.wav",
    "hihat": null,
    "pad": "Pads & Strings/warm_pad_D.wav"
  },
  
  "emotional_intent": {
    "primary": "grief",
    "secondary": "intimacy",
    "vernacular_input": "3am regret, acoustic, slow",
    "vulnerability": "high"
  }
}
