{
  "_description": "Common Chord Progressions by Genre and Function",
  "_version": "1.0",
  "_notation": "Roman numerals relative to key, lowercase = minor",
  
  "universal": {
    "I-IV-V-I": {
      "name": "Three Chord Trick",
      "numerals": ["I", "IV", "V", "I"],
      "intervals": [0, 5, 7, 0],
      "genres": ["rock", "pop", "country", "folk", "blues"],
      "feel": "Classic resolution, strong and stable",
      "examples": ["Twist and Shout", "La Bamba", "Wild Thing"]
    },
    "I-V-vi-IV": {
      "name": "Axis of Awesome / Pop Progression",
      "numerals": ["I", "V", "vi", "IV"],
      "intervals": [0, 7, 9, 5],
      "genres": ["pop", "rock", "country"],
      "feel": "Uplifting yet emotional",
      "examples": ["Let It Be", "No Woman No Cry", "With or Without You", "Someone Like You"]
    },
    "vi-IV-I-V": {
      "name": "Sensitive Female Chord Progression",
      "numerals": ["vi", "IV", "I", "V"],
      "intervals": [9, 5, 0, 7],
      "genres": ["pop", "singer-songwriter"],
      "feel": "Emotional, introspective",
      "examples": ["Poker Face", "Grenade", "Africa"]
    },
    "I-vi-IV-V": {
      "name": "50s Progression / Doo-Wop",
      "numerals": ["I", "vi", "IV", "V"],
      "intervals": [0, 9, 5, 7],
      "genres": ["doo-wop", "pop", "rock"],
      "feel": "Nostalgic, classic",
      "examples": ["Stand By Me", "Every Breath You Take", "Earth Angel"]
    },
    "I-IV-vi-V": {
      "name": "Alternative Four Chord",
      "numerals": ["I", "IV", "vi", "V"],
      "intervals": [0, 5, 9, 7],
      "genres": ["pop", "rock", "alternative"],
      "feel": "Bright with emotional depth",
      "examples": ["Hey Ya", "Sugar", "Photograph"]
    }
  },
  
  "jazz": {
    "ii-V-I": {
      "name": "Two-Five-One",
      "numerals": ["ii", "V", "I"],
      "intervals": [2, 7, 0],
      "variants": {
        "major": ["iim7", "V7", "Imaj7"],
        "minor": ["iim7b5", "V7", "im7"]
      },
      "genres": ["jazz", "bossa nova", "R&B"],
      "feel": "Classic jazz resolution",
      "examples": ["Autumn Leaves", "All The Things You Are"]
    },
    "I-vi-ii-V": {
      "name": "Rhythm Changes / Turnaround",
      "numerals": ["I", "vi", "ii", "V"],
      "intervals": [0, 9, 2, 7],
      "genres": ["jazz", "bebop"],
      "feel": "Driving, cyclical",
      "examples": ["I Got Rhythm", "Oleo"]
    },
    "iii-vi-ii-V": {
      "name": "Circle of Fifths Segment",
      "numerals": ["iii", "vi", "ii", "V"],
      "intervals": [4, 9, 2, 7],
      "genres": ["jazz", "standards"],
      "feel": "Sophisticated, flowing"
    },
    "Imaj7-IVmaj7": {
      "name": "Major Seven Vamp",
      "numerals": ["Imaj7", "IVmaj7"],
      "intervals": [0, 5],
      "genres": ["jazz", "neo-soul", "R&B"],
      "feel": "Dreamy, sophisticated"
    },
    "Coltrane_Changes": {
      "name": "Coltrane Changes",
      "numerals": ["Imaj7", "bIIImaj7", "Vmaj7", "bVIImaj7"],
      "intervals": [0, 3, 7, 10],
      "genres": ["jazz", "modal jazz"],
      "feel": "Complex, shifting tonal centers",
      "examples": ["Giant Steps"]
    }
  },
  
  "blues": {
    "12_bar_blues": {
      "name": "12-Bar Blues",
      "numerals": ["I", "I", "I", "I", "IV", "IV", "I", "I", "V", "IV", "I", "V"],
      "intervals": [0, 0, 0, 0, 5, 5, 0, 0, 7, 5, 0, 7],
      "variants": {
        "quick_change": ["I", "IV", "I", "I", "IV", "IV", "I", "I", "V", "IV", "I", "V"],
        "jazz_blues": ["I7", "IV7", "I7", "I7", "IV7", "#IVdim", "I7", "vi7", "ii7", "V7", "I7", "V7"]
      },
      "genres": ["blues", "rock", "jazz"],
      "feel": "Foundation of Western popular music",
      "examples": ["Sweet Home Chicago", "The Thrill Is Gone"]
    },
    "8_bar_blues": {
      "name": "8-Bar Blues",
      "numerals": ["I", "V", "IV", "IV", "I", "V", "I", "V"],
      "intervals": [0, 7, 5, 5, 0, 7, 0, 7],
      "genres": ["blues", "rock"],
      "feel": "More compact blues form"
    },
    "minor_blues": {
      "name": "Minor Blues",
      "numerals": ["i", "i", "i", "i", "iv", "iv", "i", "i", "VI", "V", "i", "V"],
      "intervals": [0, 0, 0, 0, 5, 5, 0, 0, 8, 7, 0, 7],
      "genres": ["blues", "jazz"],
      "feel": "Darker, more intense"
    }
  },
  
  "rock": {
    "I-bVII-IV": {
      "name": "Rock Mixolydian",
      "numerals": ["I", "bVII", "IV"],
      "intervals": [0, 10, 5],
      "genres": ["rock", "classic rock"],
      "feel": "Powerful, anthemic",
      "examples": ["Sweet Child O' Mine", "Born To Be Wild"]
    },
    "i-bVII-bVI-V": {
      "name": "Andalusian Cadence",
      "numerals": ["i", "bVII", "bVI", "V"],
      "intervals": [0, 10, 8, 7],
      "genres": ["rock", "flamenco", "metal"],
      "feel": "Dark, dramatic descent",
      "examples": ["Hit The Road Jack", "Stairway To Heaven ending"]
    },
    "I-bIII-IV": {
      "name": "Backdoor Rock",
      "numerals": ["I", "bIII", "IV"],
      "intervals": [0, 3, 5],
      "genres": ["rock", "grunge"],
      "feel": "Raw, unresolved tension"
    },
    "power_chord_riff": {
      "name": "Power Chord Riff Pattern",
      "numerals": ["I5", "bVII5", "IV5"],
      "intervals": [0, 10, 5],
      "genres": ["rock", "metal", "punk"],
      "feel": "Aggressive, driving"
    }
  },
  
  "pop": {
    "I-V-vi-iii-IV-I-IV-V": {
      "name": "Canon Progression",
      "numerals": ["I", "V", "vi", "iii", "IV", "I", "IV", "V"],
      "intervals": [0, 7, 9, 4, 5, 0, 5, 7],
      "genres": ["pop", "classical"],
      "feel": "Beautiful, satisfying arc",
      "examples": ["Canon in D", "Basket Case", "Graduation"]
    },
    "vi-V-IV-V": {
      "name": "Emotional Build",
      "numerals": ["vi", "V", "IV", "V"],
      "intervals": [9, 7, 5, 7],
      "genres": ["pop", "ballads"],
      "feel": "Building emotion"
    },
    "I-iii-IV-V": {
      "name": "Optimistic Pop",
      "numerals": ["I", "iii", "IV", "V"],
      "intervals": [0, 4, 5, 7],
      "genres": ["pop", "J-pop"],
      "feel": "Bright, hopeful"
    }
  },
  
  "minor_key": {
    "i-bVII-bVI-bVII": {
      "name": "Minor Pop",
      "numerals": ["i", "bVII", "bVI", "bVII"],
      "intervals": [0, 10, 8, 10],
      "genres": ["pop", "rock", "EDM"],
      "feel": "Dark but catchy",
      "examples": ["Rolling In The Deep", "Bad Guy"]
    },
    "i-iv-bVII-bIII": {
      "name": "Minor Ballad",
      "numerals": ["i", "iv", "bVII", "bIII"],
      "intervals": [0, 5, 10, 3],
      "genres": ["pop", "ballads"],
      "feel": "Sad, introspective"
    },
    "i-bVI-bIII-bVII": {
      "name": "Epic Minor",
      "numerals": ["i", "bVI", "bIII", "bVII"],
      "intervals": [0, 8, 3, 10],
      "genres": ["epic", "film", "rock"],
      "feel": "Cinematic, powerful"
    },
    "i-iv-v-i": {
      "name": "Natural Minor",
      "numerals": ["i", "iv", "v", "i"],
      "intervals": [0, 5, 7, 0],
      "genres": ["classical", "folk"],
      "feel": "Pure minor resolution"
    }
  },
  
  "funk_soul": {
    "I7-IV7": {
      "name": "Funk Two-Chord Vamp",
      "numerals": ["I7", "IV7"],
      "intervals": [0, 5],
      "genres": ["funk", "soul", "R&B"],
      "feel": "Groove-focused, minimal harmony",
      "examples": ["Superstition", "Papa Was A Rolling Stone"]
    },
    "i7-IV7": {
      "name": "Minor Funk",
      "numerals": ["i7", "IV7"],
      "intervals": [0, 5],
      "genres": ["funk", "neo-soul"],
      "feel": "Dark groove"
    },
    "Im9-IVmaj9": {
      "name": "Neo-Soul Float",
      "numerals": ["Im9", "IVmaj9"],
      "intervals": [0, 5],
      "genres": ["neo-soul", "R&B"],
      "feel": "Dreamy, sophisticated"
    }
  },
  
  "edm_electronic": {
    "i-bVI-bIII-bVII": {
      "name": "EDM Epic",
      "numerals": ["i", "bVI", "bIII", "bVII"],
      "intervals": [0, 8, 3, 10],
      "genres": ["EDM", "trance", "house"],
      "feel": "Build and release"
    },
    "i-bVII-bVI-V": {
      "name": "Trance Progression",
      "numerals": ["i", "bVII", "bVI", "V"],
      "intervals": [0, 10, 8, 7],
      "genres": ["trance", "EDM"],
      "feel": "Dramatic, building"
    },
    "vi-IV-I-V": {
      "name": "EDM Pop",
      "numerals": ["vi", "IV", "I", "V"],
      "intervals": [9, 5, 0, 7],
      "genres": ["EDM", "pop"],
      "feel": "Anthemic, festival-ready"
    }
  },
  
  "gospel_worship": {
    "I-I7-IV-iv": {
      "name": "Gospel Plagal",
      "numerals": ["I", "I7", "IV", "iv"],
      "intervals": [0, 0, 5, 5],
      "genres": ["gospel", "worship"],
      "feel": "Churchy, soulful"
    },
    "IV-V-iii-vi": {
      "name": "Worship Build",
      "numerals": ["IV", "V", "iii", "vi"],
      "intervals": [5, 7, 4, 9],
      "genres": ["worship", "CCM"],
      "feel": "Building, emotional"
    },
    "I-V/vii-vi-IV": {
      "name": "Modern Worship",
      "numerals": ["I", "V/vii", "vi", "IV"],
      "intervals": [0, 7, 9, 5],
      "genres": ["worship", "CCM"],
      "feel": "Contemporary, singable"
    }
  },
  
  "country": {
    "I-IV-V": {
      "name": "Country Standard",
      "numerals": ["I", "IV", "V"],
      "intervals": [0, 5, 7],
      "genres": ["country", "folk"],
      "feel": "Simple, honest"
    },
    "I-V-IV-V": {
      "name": "Country Waltz",
      "numerals": ["I", "V", "IV", "V"],
      "intervals": [0, 7, 5, 7],
      "genres": ["country", "folk"],
      "feel": "Classic country"
    },
    "I-vi-ii-V": {
      "name": "Country Jazz",
      "numerals": ["I", "vi", "ii", "V"],
      "intervals": [0, 9, 2, 7],
      "genres": ["country", "western swing"],
      "feel": "Sophisticated country"
    }
  },
  
  "modal": {
    "dorian_vamp": {
      "name": "Dorian Vamp",
      "numerals": ["i", "IV"],
      "intervals": [0, 5],
      "mode": "dorian",
      "genres": ["jazz", "funk", "rock"],
      "feel": "Minor but bright",
      "examples": ["So What", "Oye Como Va"]
    },
    "mixolydian_vamp": {
      "name": "Mixolydian Vamp",
      "numerals": ["I", "bVII"],
      "intervals": [0, 10],
      "mode": "mixolydian",
      "genres": ["rock", "jam band"],
      "feel": "Major but unresolved",
      "examples": ["Sympathy For The Devil", "Norwegian Wood"]
    },
    "phrygian_vamp": {
      "name": "Phrygian Vamp",
      "numerals": ["i", "bII"],
      "intervals": [0, 1],
      "mode": "phrygian",
      "genres": ["metal", "flamenco"],
      "feel": "Dark, exotic"
    },
    "lydian_float": {
      "name": "Lydian Float",
      "numerals": ["I", "II"],
      "intervals": [0, 2],
      "mode": "lydian",
      "genres": ["film", "ambient", "prog"],
      "feel": "Dreamy, floating"
    }
  }
}
